time,std.indexOfSentinel,vector.indexOfSentinel,glibc strlen,vector.indexOfScalar,memchr
1,0,0,0,1,0
2,1,0,0,2,0
3,1,0,0,2,0
4,2,0,0,3,0
5,2,0,0,3,0
6,2,0,0,3,0
7,3,0,0,4,0
8,3,0,0,1,0
9,3,0,0,1,0
10,4,0,0,2,0
11,4,0,0,2,0
12,4,0,0,3,0
13,4,0,0,3,0
14,5,0,0,3,0
15,5,0,0,4,0
16,5,0,0,1,0
17,6,0,0,1,0
18,6,0,0,2,0
19,6,0,0,2,0
20,7,0,0,3,0
21,7,0,0,3,0
22,7,0,0,3,0
23,8,0,0,4,0
24,8,0,0,1,0
25,8,0,0,1,0
26,8,0,0,2,0
27,9,0,0,2,0
28,9,0,0,3,0
29,9,0,0,3,0
30,10,0,0,3,0
31,10,0,0,4,0
32,10,1,0,1,0
33,11,1,0,1,0
34,11,1,0,2,0
35,18,1,0,3,0
36,12,1,0,3,0
37,12,1,0,3,0
38,12,1,0,4,0
39,13,1,0,4,0
40,24,1,0,1,0
41,13,1,0,1,0
42,13,1,0,2,0
43,14,1,0,3,0
44,15,1,0,3,0
45,21,1,0,3,0
46,28,1,0,4,0
47,16,1,0,4,0
48,16,2,0,1,0
49,17,2,0,1,0
50,17,2,0,2,0
51,18,2,0,3,0
52,18,2,0,3,0
53,27,2,0,3,0
54,26,2,0,4,0
55,17,2,0,4,0
56,18,2,0,1,0
57,18,2,0,2,0
58,26,2,0,2,0
59,27,2,0,3,0
60,33,2,0,3,0
61,28,2,0,3,0
62,21,2,0,4,0
63,28,2,0,4,0
64,29,2,0,2,0
65,29,2,0,3,0
66,28,2,0,4,0
67,21,2,0,4,0
68,29,2,0,4,0
69,29,2,0,5,0
70,30,2,0,5,0
71,31,2,0,5,0
72,23,2,0,2,0
73,32,2,0,3,0
74,32,2,0,4,0
75,32,2,0,4,0
76,33,2,0,4,0
77,24,2,0,4,0
78,33,2,0,5,0
79,34,2,0,5,0
80,34,2,0,2,0
81,32,2,0,3,0
82,26,2,0,4,0
83,36,2,0,4,0
84,33,2,0,4,0
85,36,2,0,5,0
86,36,2,0,5,0
87,27,2,0,5,0
88,34,2,0,2,0
89,34,2,0,3,0
90,37,2,0,4,0
91,37,2,0,4,0
92,29,2,0,4,0
93,35,2,0,4,0
94,36,2,0,5,0
95,39,2,0,5,0
96,40,3,0,3,0
97,40,3,0,3,0
98,31,3,0,4,0
99,31,3,0,4,0
100,38,3,0,5,0
101,38,3,0,5,0
102,38,3,0,5,0
103,39,3,0,6,0
104,40,3,0,3,0
105,39,3,0,3,0
106,40,3,0,4,0
107,40,3,0,4,0
108,41,3,0,5,0
109,41,3,0,5,0
110,41,3,0,5,0
111,42,3,0,6,0
112,42,3,0,4,0
113,46,3,0,3,0
114,43,3,0,4,0
115,43,3,0,5,0
116,43,3,0,5,0
117,44,3,0,5,0
118,44,3,0,6,0
119,46,3,0,6,0
120,46,3,0,3,0
121,45,3,0,3,0
122,46,3,0,4,0
123,46,3,0,4,0
124,47,3,0,5,0
125,47,3,0,5,0
126,47,3,0,5,0
127,49,3,0,6,0
128,48,3,0,4,0
129,51,3,0,6,0
130,50,3,0,5,0
131,56,3,0,5,0
132,52,3,0,5,0
133,53,3,0,6,0
134,52,3,0,6,0
135,52,3,0,6,0
136,51,3,0,4,0
137,52,3,0,4,0
138,52,3,0,5,0
139,52,3,0,5,0
140,53,3,0,5,0
141,53,3,0,6,0
142,53,3,0,6,0
143,54,3,0,6,0
144,54,4,0,4,0
145,54,4,0,4,0
146,55,4,0,5,0
147,55,4,0,5,0
148,55,4,0,5,0
149,55,4,0,6,0
150,56,4,0,6,0
151,56,4,0,6,0
152,58,4,0,4,0
153,57,4,0,4,0
154,57,4,0,5,0
155,57,4,0,5,0
156,58,4,0,6,0
157,58,4,0,6,0
158,58,4,0,6,0
159,59,4,0,6,0
160,59,4,0,4,0
161,59,4,0,4,0
162,60,4,0,5,0
163,60,4,0,6,0
164,61,4,0,6,0
165,60,4,0,6,0
166,61,4,0,7,0
167,61,4,0,7,0
168,68,4,0,4,0
169,64,4,0,4,0
170,62,4,0,5,0
171,62,4,0,6,0
172,63,4,0,6,0
173,63,4,0,6,0
174,63,4,0,7,0
175,64,4,0,7,0
176,64,4,0,4,0
177,65,4,0,4,0
178,65,4,0,5,0
179,65,4,0,6,0
180,66,4,0,6,0
181,65,4,0,6,0
182,66,4,0,7,0
183,66,4,0,7,0
184,67,4,0,4,0
185,67,4,0,4,0
186,67,4,0,5,0
187,68,4,0,6,0
188,68,4,0,6,0
189,68,4,0,6,0
190,69,4,0,7,0
191,69,4,0,7,0
192,69,4,0,5,0
193,70,14,0,14,0
194,70,8,0,6,0
195,70,4,0,6,0
196,71,4,0,7,0
197,71,4,0,7,0
198,72,4,0,7,0
199,72,5,0,8,0
200,72,5,0,5,0
201,73,4,0,5,0
202,73,4,0,6,0
203,73,4,0,6,0
204,74,4,0,7,0
205,77,4,0,8,0
206,77,4,0,7,0
207,77,4,0,8,0
208,75,5,0,5,0
209,75,5,0,5,0
210,75,5,0,6,0
211,75,5,0,6,0
212,76,5,0,7,0
213,76,5,0,7,0
214,77,5,0,7,0
215,77,5,0,8,0
216,77,5,0,5,0
217,77,5,0,5,0
218,78,5,0,6,0
219,78,5,0,6,0
220,78,5,0,7,0
221,78,5,0,7,0
222,79,5,0,7,0
223,80,5,0,8,0
224,80,5,0,5,0
225,80,5,0,6,0
226,80,5,0,7,0
227,80,5,0,7,0
228,81,5,0,7,0
229,83,5,0,8,0
230,83,5,0,8,0
231,83,5,0,8,0
232,82,5,0,5,0
233,83,5,0,6,0
234,83,5,0,7,0
235,83,5,0,7,0
236,83,5,0,7,0
237,83,5,0,8,0
238,84,5,0,8,0
239,84,5,0,8,0
240,84,5,0,5,0
241,85,5,0,6,0
242,85,5,0,7,0
243,86,5,0,7,0
244,86,5,0,7,0
245,86,5,0,8,0
246,86,5,0,8,0
247,86,5,0,8,0
248,87,5,0,5,0
249,87,5,0,6,0
250,88,5,0,7,0
251,88,5,0,7,0
252,88,5,0,7,0
253,89,5,0,8,0
254,89,5,0,8,0
255,89,6,0,8,0
256,89,6,0,6,0
272,94,6,0,6,0
288,99,6,0,7,0
304,104,7,0,7,0
320,109,7,0,7,0
336,114,7,0,7,0
352,119,8,0,8,0
368,127,8,0,8,0
384,129,8,0,9,0
400,134,9,0,9,0
416,139,9,0,9,0
432,147,9,0,9,0
448,149,10,0,10,0
464,154,10,0,10,0
480,159,10,0,10,0
496,164,10,0,10,0
512,169,11,0,11,0
528,174,11,0,11,0
544,179,11,0,12,0
560,184,12,0,12,0
576,189,12,0,12,0
592,196,12,0,12,0
608,198,13,0,13,0
624,203,13,0,13,0
640,209,13,0,14,0
656,216,14,0,13,0
672,218,14,0,14,0
688,223,14,0,14,0
704,253,15,0,15,0
720,233,15,0,15,0
736,238,15,0,15,0
752,243,15,0,15,0
768,254,16,0,16,0
784,253,16,0,16,0
800,261,16,0,17,0
816,263,17,0,17,0
832,268,17,0,17,0
848,273,22,0,17,0
864,278,18,0,18,0
880,283,28,0,18,0
896,290,18,0,18,0
912,293,19,0,18,0
928,297,28,0,19,0
944,302,28,0,19,0
960,307,19,0,20,0
976,312,20,0,20,0
992,320,20,0,20,0
1008,322,20,0,20,0
1024,327,21,0,21,0
1040,332,21,0,21,0
1056,340,21,0,22,0
1072,345,32,0,22,0
1088,347,22,0,22,0
1104,355,22,0,22,0
1120,357,23,0,23,0
1136,362,23,0,23,0
1152,367,32,0,23,0
1168,372,23,0,23,0
1184,377,24,0,24,0
1200,388,24,0,24,0
1216,387,24,0,25,0
1232,395,34,0,25,0
1248,397,25,0,25,0
1264,402,25,0,25,0
1280,407,26,0,26,0
1296,414,26,0,26,0
1312,416,36,0,27,0
1328,421,27,0,27,0
1344,429,27,0,27,0
1360,431,27,0,27,0
1376,436,28,0,28,0
1392,441,37,0,28,0
1408,449,28,0,28,0
1424,451,28,0,28,0
1440,456,29,0,29,0
1456,461,38,0,29,0
1472,466,30,0,30,0
1488,474,30,0,30,0
1504,476,30,0,36,0
1520,484,40,0,30,0
1536,486,41,0,31,0
1552,491,41,0,31,0
1568,496,42,0,32,0
1584,501,42,0,32,0
1600,506,42,0,32,0
1616,511,42,0,32,0
1632,519,43,0,33,0
1648,521,43,0,33,0
1664,526,45,0,33,0
1680,533,44,0,33,0
1696,535,44,0,34,0
1712,540,45,0,34,0
1728,546,45,0,35,0
1744,550,45,0,35,0
1760,555,45,0,35,0
1776,569,46,0,35,0
1792,565,46,0,36,0
1808,570,46,0,36,0
1824,578,46,0,36,0
1840,580,49,0,36,0
1856,585,49,0,37,0
1872,593,49,0,37,0
1888,595,50,0,38,0
1904,603,50,0,38,0
1920,608,50,0,38,0
1936,621,52,0,40,0
1952,618,50,0,39,0
1968,623,51,0,39,0
1984,628,51,0,40,0
2000,639,51,0,40,0
2016,635,52,0,40,0
2032,639,52,0,40,0
2048,647,52,0,47,0
2064,649,53,0,41,0
2080,654,54,0,41,0
2096,660,53,0,41,0
2112,667,54,0,42,0
2128,672,54,0,42,0
2144,677,54,0,43,0
2160,679,55,0,43,0
2176,684,55,0,43,0
2192,689,56,0,43,0
2208,700,56,0,50,0
2224,699,56,0,44,0
2240,707,56,0,45,0
2256,712,57,0,45,0
2272,714,57,0,45,0
2288,722,57,0,45,0
2304,724,58,0,46,0
2320,805,58,0,46,0
2336,734,59,0,46,0
2352,742,58,0,46,0
2368,744,59,0,53,0
2384,751,64,0,47,0
2400,760,60,0,48,0
2416,761,60,0,48,0
2432,766,60,0,48,0
2448,768,60,0,54,0
2464,827,61,0,49,0
2480,778,61,0,49,0
2496,786,59,0,49,0
2512,788,61,0,50,0
2528,796,62,0,60,0
2544,798,64,0,50,0
2560,806,62,0,51,0
2576,808,68,0,51,0
2592,813,63,0,51,0
2608,818,63,0,58,0
2624,826,64,0,52,0
2640,828,64,0,52,0
2656,833,64,0,53,0
2672,838,65,0,53,0
2688,843,65,0,63,0
2704,848,66,0,53,0
2720,853,65,0,54,0
2736,861,65,0,54,0
2752,863,66,0,55,0
2768,868,66,0,64,0
2784,873,67,0,65,0
2800,879,67,0,63,0
2816,883,67,0,56,0
2832,888,67,0,56,0
2848,893,68,0,56,0
2864,897,68,0,56,0
2880,902,69,0,57,0
2896,910,69,0,57,0
2912,912,70,0,58,0
2928,917,70,0,58,0
2944,923,72,0,60,0
2960,986,75,0,62,0
2976,998,75,0,63,0
2992,1103,71,0,59,0
3008,945,71,0,59,0
3024,950,71,0,66,0
3040,955,72,0,60,0
3056,960,72,0,60,0
3072,965,73,0,61,0
3088,971,73,0,61,0
3104,975,73,0,62,0
3120,977,75,0,61,0
3136,1095,74,0,65,0
3152,987,81,0,68,0
3168,994,74,0,62,0
3184,997,75,0,63,0
3200,1004,75,0,70,0
3216,1009,75,0,63,0
3232,1014,76,0,64,0
3248,1019,77,0,64,0
3264,1029,77,0,70,0
3280,1026,77,0,70,0
3296,1034,77,0,70,0
3312,1036,77,0,70,0
3328,1044,78,0,71,0
3344,1049,78,0,71,0
3360,1054,78,0,72,0
3376,1059,79,0,72,0
3392,1061,81,0,73,0
3408,1071,118,0,75,0
3424,1074,80,0,73,0
3440,1078,85,0,74,0
3456,1083,85,0,75,0
3472,1088,81,0,74,0
3488,1091,81,0,75,0
3504,1098,82,0,75,0
3520,1100,82,0,79,0
3536,1108,82,0,76,0
3552,1113,82,0,76,0
3568,1118,83,0,77,0
3584,1120,83,0,77,0
3600,1128,84,0,77,0
3616,1130,90,0,80,0
3632,1135,84,0,78,0
3648,1147,85,0,78,0
3664,1145,85,0,78,0
3680,1153,85,0,79,0
3696,1158,92,0,81,0
3712,1163,86,0,82,0
3728,1165,86,0,79,0
3744,1173,88,0,79,0
3760,1175,90,0,80,0
3776,1186,87,0,81,0
3792,1188,88,0,81,0
3808,1193,88,0,81,0
3824,1198,88,0,81,0
3840,1203,88,0,82,0
3856,1207,89,0,82,0
3872,1210,89,0,83,0
3888,1236,96,0,86,0
3904,1220,90,0,86,0
3920,1227,90,0,84,0
3936,1229,90,0,84,0
3952,1237,91,0,84,0
3968,1242,91,0,85,0
3984,1244,98,0,88,0
4000,1269,92,0,86,0
4016,1257,92,0,86,0
4032,1262,92,0,86,0
4048,1264,96,0,91,0
4064,1272,94,0,89,0
4080,1277,93,0,87,0
4096,1287,100,12,91,12
8192,2554,179,20,170,20
12288,3820,258,25,250,29
16384,5429,341,33,333,37
20480,6383,416,41,412,45
24576,7654,525,50,491,50
28672,8916,579,58,570,58
32768,10187,658,66,650,66
36864,11437,737,75,725,75
40960,12725,816,83,833,87
45056,13979,895,91,891,95
49152,15287,975,100,966,95
53248,16512,1054,108,1045,104
57344,18454,1133,112,1129,116
61440,19050,1216,120,1208,125
65536,20316,1291,129,1287,133
69632,21587,1370,137,1362,141
73728,22958,1450,145,1445,150
77824,24150,1562,154,1525,154
81920,25462,1608,162,1600,162
86016,26666,1683,170,1679,170
90112,28333,1766,179,1758,179
94208,29200,1845,187,1841,187
98304,30470,1929,191,1920,200
102400,32104,2008,204,1995,204
106496,33008,2083,208,2079,212
110592,34275,2162,216,2158,216
114688,35566,2245,229,2237,225
118784,36816,2329,237,2316,266
122880,38370,2404,241,2395,279
126976,39370,2487,250,2475,291
131072,40620,2562,258,2554,300
135168,41912,2687,270,2637,312
139264,43179,2833,283,2750,320
143360,44716,2812,291,2800,329
147456,45983,2912,304,2875,341
151552,47250,2991,308,2954,350
155648,48554,3062,312,3029,358
159744,50095,3137,325,3108,366
163840,50770,3216,341,3191,375
167936,52329,3287,345,3270,383
172032,53308,3375,345,3350,395
176128,54716,3470,358,3850,404
180224,56141,3541,362,3512,412
184320,57116,3625,370,3591,425
188416,58433,3700,375,3679,437
192512,59675,3783,383,3770,445
196608,61225,3862,395,3837,450
200704,62191,3941,400,3920,466
204800,63483,4312,408,3987,475
208896,64741,4104,412,4075,483
212992,66108,4195,425,4162,495
217088,67270,4870,433,4233,504
221184,68541,4354,437,4320,512
225280,70095,4441,445,4391,525
229376,71100,4520,454,4470,525
233472,72445,4591,462,4566,533
237568,73900,4645,470,4620,545
241664,74879,4725,479,4700,554
245760,76441,4800,487,4787,562
249856,77420,4887,491,4879,575
253952,78979,4958,495,4941,583
258048,79979,5045,529,5016,591
262144,81245,5120,516,5100,600
266240,83004,5204,525,5175,612
270336,84108,5279,533,5258,612
274432,85045,5370,541,5350,629
278528,86579,5441,545,5420,641
282624,87845,5508,558,5491,645
286720,89120,5600,570,5575,658
290816,90170,5654,570,5654,666
294912,91654,5750,583,5729,679
299008,92645,5833,595,5820,679
303104,94195,5912,595,5887,691
307200,95712,6008,604,5987,720
311296,96720,6070,612,6050,712
315392,98016,6145,620,6125,720
319488,99004,6241,629,6491,729
323584,100537,6320,637,6291,737
327680,101558,6395,645,6366,745
331776,103079,6462,650,6454,758
335872,104079,6558,654,6537,770
339968,105825,6633,666,6604,779
344064,106887,6708,675,6683,779
348160,107870,6787,683,6779,808
352256,109141,6858,687,6837,808
356352,110700,6941,700,6920,820
360448,111950,7025,708,7000,825
364544,113791,7100,716,7079,833
368640,114491,7191,720,7162,841
372736,115979,7254,729,7600,850
376832,117050,7341,737,7320,858
380928,118304,7412,750,7400,866
385024,119341,7500,758,7495,891
389120,120841,7587,762,7562,891
393216,122104,7654,770,7637,900
397312,123104,7750,791,7987,908
401408,124858,7816,787,7791,916
405504,125916,11508,800,8141,925
409600,127187,7970,800,7962,933
413696,128470,8054,808,8037,945
417792,129445,8137,820,8120,954
421888,130991,8212,829,8195,962
425984,132258,8291,833,8266,970
430080,134016,8366,841,8350,983
434176,134795,8450,850,8429,991
438272,136062,8529,858,8504,1004
442368,137358,8612,862,8583,1012
446464,138337,8691,870,8662,1020
450560,139870,8766,883,8745,1025
454656,143437,8845,887,9162,1037
458752,142445,8925,895,8904,1050
462848,143679,9012,904,8983,1058
466944,144962,9083,912,9062,1062
471040,146216,9166,920,9145,1075
475136,147216,9241,929,9225,1083
479232,149204,9400,966,9716,1095
483328,161979,9420,945,9412,1112
487424,151287,9483,954,9454,1116
491520,152320,9579,958,9545,1120
495616,153816,9637,970,9616,1133
499712,155100,9716,975,9700,1141
503808,156370,9795,983,9770,1154
507904,158200,9858,991,9854,1154
512000,159304,9970,1000,9941,1166
516096,160179,10037,1008,10016,1175
520192,161441,10112,1016,10095,1187
524288,162975,10187,1025,10175,1195
528384,164466,10275,1033,10250,1204
532480,165025,10366,1037,10329,1220
536576,166541,10729,1050,10408,1225
540672,167725,10516,1066,10504,1233
544768,169058,10587,1062,10845,1237
548864,170616,10687,1070,10658,1266
552960,171616,10758,1079,11004,1258
557056,173066,10841,1087,11079,1266
561152,177091,11183,1095,10887,1279
565248,175325,11004,1116,11237,1287
569344,177158,11070,1112,11045,1295
573440,178408,11137,1120,11125,1312
577536,179208,11229,1120,11204,1316
581632,180675,11300,1137,11291,1329
585728,181754,11383,1141,11362,1337
589824,183700,11458,1145,11441,1341
593920,184312,11550,1158,11520,1358
598016,185750,11612,1162,11604,1354
602112,186825,11700,1170,11683,1375
606208,188020,11804,1187,11762,1387
610304,189762,11858,1183,11845,1391
614400,190566,11950,1195,11941,1408
618496,191637,12291,1208,11995,1408
622592,193375,12100,1216,12070,1416
626688,194645,12179,1220,12158,1429
630784,195900,12279,1229,12237,1433
634880,197004,12337,1241,12366,1487
638976,198308,12416,1241,12395,1454
643072,199891,13845,1270,12762,1466
647168,204550,12716,1308,12654,1475
651264,203237,12650,1275,12633,1483
655360,203325,12729,1279,12720,1495
659456,204587,12812,1287,12787,1504
663552,206095,12891,1295,12866,1512
667648,207125,12975,1300,12945,1520
671744,208429,13045,1312,13029,1529
675840,209666,13133,1316,13108,1541
679936,212929,13204,1325,13187,1550
684032,212200,13304,1350,13262,1558
688128,213495,13345,1337,13358,1579
692224,214737,13462,1350,13700,1579
696320,216237,13525,1362,13495,1595
700416,217275,13604,1379,13595,1612
704512,218545,13687,1375,13658,1600
708608,219808,13762,1383,13733,1616
712704,221375,13854,1408,13816,1620
716800,222091,13920,1395,13912,1641
720896,224875,14004,1400,13983,1641
724992,225720,14083,1408,14062,1645
729088,226408,14179,1416,14150,1658
733184,227470,14245,1429,14216,1666
737280,228695,14312,1437,14295,1679
741376,229958,14404,1458,14391,1683
745472,231750,14475,1454,14454,1700
749568,232504,14550,1462,14533,1704
753664,233770,14645,1487,14625,1716
757760,235058,14708,1479,14691,1725
761856,236816,14804,1483,14770,1737
765952,237316,14883,1508,14866,1754
770048,238845,14950,1504,14920,1754
774144,240350,15029,1508,15025,1779
778240,241387,15108,1512,15091,1770
782336,244341,15191,1525,15170,1775
786432,243983,15266,1533,15245,1791
790528,245708,15345,1541,15325,1808
794624,246470,15425,1570,15429,1808
798720,247741,15508,1554,15508,1816
802816,249116,15612,1562,15587,1825
806912,250091,15683,1587,15670,1841
811008,251645,15770,1579,15745,1870
815104,252550,15841,1608,15825,1854
819200,254729,15904,1600,15875,1862
823296,255358,15979,1604,15954,1875
827392,256391,16354,1612,16037,1883
831488,258250,16145,1620,16120,1883
835584,259204,16225,1625,16204,1904
839680,260429,16304,1637,16279,1912
843776,261704,16395,1662,16379,1941
847872,263300,16458,1654,16437,1929
851968,264229,16541,1658,16925,1941
856064,265566,16600,1670,16587,1950
860160,267125,16708,1695,16695,1958
864256,268041,16775,1687,16754,1962
868352,270266,16854,1691,16858,1995
872448,275870,17225,1695,16912,1991
876544,271845,17008,1704,16991,2000
880640,272916,17395,1716,17079,2004
884736,274745,17175,1720,17145,2012
888832,275650,17250,1733,17225,2020
892928,276925,17320,1737,17337,2020
897024,278200,17408,2370,17387,2045
901120,279191,17487,1758,17754,2054
905216,280733,17575,1762,17545,2062
909312,282000,17645,1770,17625,2075
913408,283725,18004,1779,17708,2083
917504,284541,17804,1783,17787,2079
921600,285808,17883,1787,17866,2095
925696,287666,17966,1800,17945,2108
929792,288350,18045,1812,18020,2116
933888,289616,18120,1816,18100,2125
937984,292816,18500,1829,18183,2133
942080,292279,18295,1837,18541,2150
946176,293150,18637,1837,18366,2175
950272,295304,18441,1850,18416,2166
954368,299420,18816,1854,18504,2170
958464,297229,18604,1862,18579,2183
962560,298812,18675,1883,18658,2187
966656,299766,18766,1875,18745,2200
970752,301041,18862,1887,19445,2212
974848,302304,18908,1900,18891,2220
978944,303604,18970,1912,18966,2229
983040,305175,19075,1908,19054,2237
987136,306112,19154,1916,19133,2254
991232,307375,19241,1933,19495,2258
995328,309279,19295,1929,19312,2266
999424,309912,19391,1941,19375,2270
1003520,311258,19462,1950,19445,2287
1007616,312825,19545,1958,19533,2291
1011712,313729,19612,1966,19900,2304
1015808,314841,20004,1975,19687,2312
1019904,316887,19779,1979,19766,2320
1024000,317529,19870,1987,19845,2329
1028096,318529,19975,2025,20220,2337
1032192,322404,20033,2008,20016,2350
1036288,321337,20129,2016,20087,2362
1040384,322962,20183,2029,20166,2366
1044480,323875,20270,2033,20241,2375
1048576,326083,20541,20625,20583,24125
2097152,655958,40625,40708,40625,47708
3145728,979625,61042,61458,60959,71709
4194304,1301625,81459,82583,81291,98542
5242880,1634958,101750,103208,101792,119667
6291456,1950958,125000,123834,121916,143333
7340032,2326750,142500,144500,142208,167250
8388608,2702250,172000,171583,168542,199084
9437184,2943000,203709,192334,189917,219625
10485760,3262959,217000,218792,213375,245542
11534336,3628375,240250,245583,236208,272000
12582912,3963917,260125,275583,258667,297125
13631488,4257917,286250,297250,281750,320959
14680064,4572500,300125,319917,299042,343542
15728640,4933625,318208,343334,315500,368458
16777216,5286167,335125,361958,333792,388375
17825792,5541334,350833,381167,350084,409625
18874368,5859209,369208,403291,369208,435500
19922944,6213125,391125,425583,390000,459875
20971520,6534000,411917,449541,412459,480541
22020096,6827166,431542,474292,429417,506541
23068672,7150375,451959,491375,452500,533167
24117248,7552792,475083,513583,470250,554500
25165824,7859917,493291,535792,493375,576000
26214400,8130041,516417,560708,511042,605042
27262976,8449959,536916,580584,536708,626333
28311552,8825334,560000,603166,554584,647708
29360128,9122917,575458,625250,575083,671375
30408704,9430042,596083,650208,592750,698375
31457280,9764958,619500,677125,616125,719625
32505856,10134875,637250,692083,638917,746292
33554432,10418583,660583,714667,654500,773625
34603008,10723833,680834,739750,674875,792041
35651584,11051542,698917,801750,695375,816083
36700160,11484667,731500,816667,785292,874584
37748736,11885542,741250,735875,739000,864833
38797312,12026750,761459,756458,757250,894083
39845888,12375958,796333,845708,777250,912375
40894464,12756459,803334,873875,798208,936583
41943040,13004458,821375,890834,822208,961000
42991616,13331958,854833,914417,839708,985375
44040192,13659625,867333,937000,863083,1020667
45088768,14066708,887875,960542,880792,1040083
46137344,14387584,904791,982792,901500,1060833
47185920,14648458,928625,1023000,932292,1083333
48234496,14983500,949334,1025958,944583,1110000
49283072,15311042,982125,1051375,965958,1134333
50331648,15689417,988834,1074666,986542,1159083
51380224,15959333,1015958,1094250,1010042,1180875
52428800,16275292,1035166,1120917,1028458,1207708
53477376,16648000,1056917,1153125,1060125,1230958
54525952,16978375,1073000,1162750,1071625,1260666
55574528,17226959,1097750,1185959,1098291,1280417
56623104,17590583,1138292,1218583,1125333,1324333
57671680,17960417,1138583,1235083,1135083,1327750
58720256,18248458,1158792,1257500,1157292,1358416
59768832,18527709,1192375,1278459,1177584,1380083
60817408,18911083,1205917,1303167,1195625,1403166
61865984,19300458,1222625,1326083,1227875,1429167
62914560,19557625,1252750,1346917,1238417,1451791
63963136,19922375,1267375,1372916,1258792,1475083
65011712,20180208,1287125,1395083,1282542,1499167
66060288,20572958,1312334,1415917,1304542,1523458
67108864,20848333,1328667,1439125,1324666,1555084
68157440,21148916,1350750,1462167,1345833,1612750
69206016,21473583,1375917,1485583,1366542,1596916
70254592,21856500,1393583,1509125,1386542,1620291
71303168,22130625,1414083,1530083,1408334,1654916
72351744,22447916,1435500,1550334,1426417,1671291
73400320,22785625,1452625,1572542,1450791,1695375
74448896,23152291,1474625,1596500,1471000,1719250
75497472,23421833,1495709,1659834,1491833,1744458
76546048,23755958,1518500,1638542,1509166,1768250
77594624,24066667,1537375,1664500,1533250,1815000
78643200,24479458,1560792,1687083,1553542,1819791
79691776,24792708,1582209,1710458,1574125,1845500
80740352,25063625,1602958,1737125,1592500,1865833
81788928,25360083,1627167,1762042,1615125,1889958
82837504,25761375,1643375,1777875,1653417,1916209
83886080,26028042,1663167,1801084,1656291,1942834
84934656,26350958,1686000,1829708,1675625,1959334
85983232,26686083,1706083,1846167,1698750,2005291
87031808,27058833,1725000,1868167,1724459,2012083
88080384,27319083,1745791,1901750,1739292,2035667
89128960,27695292,1769542,1914084,1767709,2060458
90177536,28009583,1790250,1933417,1778750,2083292
91226112,28361417,1811250,1961333,1801083,2108583
92274688,28644833,1858041,1989042,1820208,2139833
93323264,28937583,1853042,2003917,1843208,2158541
94371840,29279417,1874917,2031458,1864750,2182750
95420416,29673209,1894666,2049834,1889708,2226791
96468992,29905792,2080416,2079167,1911458,2244334
97517568,30235291,1938042,2092291,1926292,2259375
98566144,30611042,1957625,2117042,1960166,2278792
99614720,30980833,1978375,2139042,1968875,2302959
100663296,31236125,1998750,2163250,1989584,2347666
101711872,31545542,2020125,2182791,2009334,2351833
102760448,31914084,2043875,2207042,2031083,2373791
103809024,32249084,2062500,2229541,2051792,2404583
104857600,32552083,2082291,2252834,2069625,2432375
105906176,32854875,2102834,2273500,2099375,2448458
106954752,33214625,2124083,2301834,2111792,2471375
108003328,33553666,2150625,2319125,2136709,2538958
109051904,33825041,2191542,2362083,2156959,2528708
110100480,34135125,2185292,2371416,2177708,2547792
111149056,34521208,2215834,2386584,2197833,2567958
112197632,34921916,2232250,2407833,2224833,2610750
113246208,35113583,2255834,2430208,2236875,2616458
114294784,35481750,2271208,2453250,2263667,2643750
115343360,35843458,2283667,2476333,2276792,2667917
116391936,36121875,2312542,2500375,2307250,2691334
117440512,36461958,2331917,2520916,2353917,2723167
118489088,36754250,2359250,2545833,2341708,2736834
119537664,37125708,2412250,2567458,2369625,2784458
120586240,37422625,2395875,2591667,2383125,2793208
121634816,37734250,2419959,2612625,2405125,2817042
122683392,38077542,2445125,2632250,2424417,2839000
123731968,38424334,2463375,2655334,2445000,2862458
124780544,38731667,2478958,2682625,2466875,2884500
125829120,39040916,2498333,2707125,2486250,2907584
126877696,39363292,2509834,2734417,2506833,2934500
127926272,39718916,2561542,2753625,2526167,2959000
128974848,40027209,2564125,2770125,2568791,2982250
130023424,40318584,2588166,2791000,2570875,3007125
131072000,40644000,2601209,2812458,2590625,3041083
132120576,41103708,2624792,2836167,2614750,3056667
133169152,41320083,2667542,2864291,2632500,3080875
134217728,41669500,2672541,2879500,2653209,3116333
135266304,41983500,2686291,2906667,2675333,3135042
136314880,42372667,2725583,2928791,2694000,3153875
137363456,42656250,2738500,2947583,2715500,3183458
138412032,42958917,2745375,2971000,2744291,3203500
139460608,43246916,2777459,3008875,2755583,3229083
140509184,43678167,2789208,3020833,2777708,3250584
141557760,43934792,2813167,3039292,2799291,3284084
142606336,44234000,2835000,3067417,2829958,3296625
143654912,44590958,2854458,3083625,2843709,3323333
144703488,44960125,2872833,3104750,2863125,3350792
145752064,45184792,2902500,3165000,2880166,3371750
146800640,45547708,2914000,3158375,2901209,3392416
147849216,45914167,2939917,3196166,2928417,3416458
148897792,46246000,2957292,3196833,2949125,3460375
149946368,46505166,2978750,3236792,2974375,3469458
150994944,46885709,2994833,3238000,2994125,3511333
152043520,47194416,3020750,3264542,3011458,3556917
153092096,47552125,3040625,3284292,3028583,3541750
154140672,47860417,3061375,3309375,3052292,3565791
155189248,48148458,3085750,3330458,3073875,3588917
156237824,48556125,3112542,3358083,3121792,3611875
157286400,48825583,3145666,3373834,3107625,3644333
158334976,49131875,3152458,3400459,3128750,3668791
159383552,49461917,3153917,3419750,3152041,3685792
160432128,49799625,3187583,3454042,3185834,3711709
161480704,50145334,3214958,3464708,3187959,3740166
162529280,50413792,3230708,3489584,3215916,3761500
163577856,50747125,3256708,3510625,3231583,3789500
164626432,51121291,3271959,3557166,3259542,3812041
165675008,51457833,3296750,3553791,3273667,3836250
166723584,52699125,3546417,3942458,3627375,4152334
167772160,52180208,3342291,3337042,3317541,3889084
168820736,52464542,3357667,3359750,3338375,3905000
169869312,52772958,3375542,3357458,3370458,3939667
170917888,53028000,3403041,3391208,3378125,3961167
171966464,53338125,3420500,3404166,3399083,3977042
173015040,53766584,3437041,3418167,3428000,4004417
174063616,54055708,3458333,3639667,3647000,4264208
175112192,54540000,3486250,3462291,3463750,4050375
176160768,54645250,3503167,3483625,3483209,4074541
177209344,55035708,3528291,3506042,3504667,4098833
178257920,55318584,3551333,3530917,3528084,4146167
179306496,55620791,3568000,3545000,3545792,4165041
180355072,55946708,3568333,3585084,3561666,4170500
181403648,56346375,3612167,3589750,3625625,4201500
182452224,56602750,3638250,3604750,3609125,4226292
183500800,56913208,3658416,3623334,3624791,4248917
184549376,57289125,3673375,3644625,3657333,4266875
185597952,57702916,3703583,3677584,3674208,4292833
186646528,57913500,3696875,3686792,3685292,4324750
187695104,58235292,3735625,3707667,3717667,4338583
188743680,58522375,3755542,3731584,3765125,4373042
189792256,58911042,3797083,3752333,3761167,4390125
190840832,59193375,3798250,3776667,3771917,4422250
191889408,59553542,3796167,3791125,3793209,4439333
192937984,59848000,3871833,4167625,3812458,4465292
193986560,60275500,3860792,4189875,3834833,4486250
195035136,60601625,3884334,4204125,3891958,4513250
196083712,60839750,3906750,4227167,3886208,4543167
197132288,61142584,3926042,4257458,3897709,4566708
198180864,61633875,3944583,4281833,3917917,4618250
199229440,61813333,3963875,4300875,3946708,4608792
200278016,62132583,3983792,4320459,3987875,4635500
201326592,62467542,4012917,4343666,3990000,4661250
202375168,62832666,4032459,4366167,4010875,4684917
203423744,63111708,4054959,4388125,4032417,4706583
204472320,63451375,4069500,4411334,4051000,4763541
205520896,63809542,4089958,4437250,4064750,4750208
206569472,64147417,4110750,4460917,4084625,4784334
207618048,64429333,4129208,4499583,4106083,4810792
208666624,64758458,4156291,4497125,4194833,4829500
209715200,65101417,4173417,4529875,4154042,4852125
210763776,65466750,4167583,4569083,4161584,4882541
211812352,65697250,4223208,4566583,4188250,4905667
212860928,66071959,4253125,4588708,4216792,4925708
213909504,66462291,4263959,4642208,4240292,4960166
214958080,66760834,4277583,4634667,4258541,4973625
216006656,67033792,4295500,4667042,4299167,5003417
217055232,67343834,4317750,4687042,4294333,5021334
218103808,67703208,4345833,4704959,4315541,5047459
219152384,68005958,4361709,4730208,4350208,5080625
220200960,68350417,4383458,4794250,4363750,5099125
221249536,68624375,4410167,4774666,4389375,5118417
222298112,68990208,4427334,4822166,4397250,5145417
223346688,69377750,4446500,4823208,4414792,5208708
224395264,69628500,4468000,4856167,4437417,5197541
225443840,69978875,4504916,4868583,4503250,5221833
226492416,70402500,4506833,4886542,4482833,5242333
227540992,70652750,4529291,4926292,4509291,5301250
228589568,70915791,4550583,4937834,4527292,5291500
229638144,71263834,4570834,4959458,4543375,5320541
230686720,71612292,4596083,5005792,4561125,5341166
231735296,71896375,4614667,5000333,4583167,5370166
232783872,72234000,4637083,5055375,4601625,5393458
233832448,72539042,4661084,5047291,4630334,5410500
234881024,72977500,4675125,5080000,4665375,5441250
235929600,73262333,4699500,5096791,4661625,5463375
236978176,73539542,4726375,5110084,4694416,5481750
238026752,73839000,4736541,5163209,4708167,5511042
239075328,74373667,4771458,5158792,4739208,5529750
240123904,74520333,4781542,5179625,4790750,5561083
241172480,74791167,4798625,5206542,4769625,5586333
242221056,75132416,4818542,5261875,4789875,5642416
243269632,75635334,4852250,5248750,4818667,5625875
244318208,75795375,4862292,5275166,4832917,5690000
245366784,76125917,4885125,5301542,4851375,5723958
246415360,76454250,4910916,5317792,4880958,5709584
247463936,76924667,4950667,5339458,4906250,5725250
248512512,77086875,4911916,5366167,4906083,5778000
249561088,77420708,4969375,5407041,4935625,5781375
250609664,77758417,4983250,5409125,4957375,5807709
251658240,78127042,5012083,5424708,5009041,5832958
252706816,78378583,5035792,5445959,5043500,5855000
253755392,78710125,5056459,5475000,5045542,5876208
254803968,79042334,5075333,5522583,5035875,5897000
255852544,79432250,5089625,5521292,5081291,5928084
256901120,79733916,5129750,5548709,5086500,5949416
257949696,79982708,5131333,5586708,5102583,5975625
258998272,80411834,5158334,5587625,5135000,5998166
260046848,80695667,5181333,5627375,5157250,6064833
261095424,80955375,5192958,5639291,5164709,6051458
262144000,81367542,5227708,5668667,5187583,6065084
263192576,81637875,5243125,5676041,5212875,6098542
264241152,82089708,5265792,5700791,5226125,6118875
265289728,82308542,5350083,5748208,5259125,6165375
266338304,82657000,5266041,5763959,5259000,6166416
267386880,82993667,5341000,5765834,5295708,6195792
268435456,83335500,5342041,5795084,5314083,6209166
269484032,83616125,5363375,5816333,5336959,6242416
270532608,83956459,5391334,5851666,5357250,6286792
271581184,84288959,5411166,5858792,5378500,6280584
272629760,84723375,5430417,5397791,5390750,6353791
273678336,84916250,5451542,5875417,5416166,6337542
274726912,85944292,5516167,5902458,5452208,6370417
275775488,85540375,5484750,5918833,5456208,6381209
276824064,85923584,5540084,5948333,5477833,6408292
277872640,86226792,5528541,6000792,5501333,6445250
278921216,86530875,5555458,5987084,5520666,6455667
279969792,86887417,5576042,6024041,5550125,6493333
281018368,87199750,5589958,6034125,5580958,6519083
282066944,87469000,5625334,6061834,5587958,6543791
283115520,87803416,5673834,6120416,5713459,6569708
284164096,88207416,5649834,6129250,5646459,6587458
285212672,89572416,5675042,5643458,5640291,6608875
286261248,88824250,5696083,6156709,5662166,6625167
287309824,89097375,5718583,6189167,5695708,6656458
288358400,89495708,5732375,6202500,5718167,6698583
289406976,90104167,5757208,6212875,5724958,6697791
290455552,90137208,5802375,6244250,5741458,6727917
291504128,90452958,5796292,6269875,5813208,6747875
292552704,90827541,5824292,6288667,5785667,6821125
293601280,91083917,5845500,6302000,5810875,6802750
294649856,91501542,5879042,6348625,5825792,6826208
295698432,91798417,5895083,6383917,5858917,6863750
296747008,92273458,5925709,6373875,5893083,6876583
297795584,92356250,5922166,6402167,5911083,6891833
298844160,92703083,5977583,6425833,5908542,6958708
299892736,93016333,5972125,6445583,5928417,6963166
300941312,93457833,6015917,6470791,5959542,6970542
301989888,93741167,5983833,6490958,5978792,6994500
303038464,94102375,6054916,6511250,6024042,7019042
304087040,94402750,6053041,6565334,6041416,7045750
305135616,94719958,6073667,6555625,6041792,7094000
306184192,95095042,6075791,6610625,6048584,7094458
307232768,95341708,6116250,6603750,6074541,7118375
308281344,95688125,6130792,6626625,6096916,7142042
309329920,96084917,6200875,6649666,6121333,7157834
310378496,96307000,6189125,6682041,6144375,7208042
311427072,96558875,6200792,6712834,6157250,7212334
312475648,96997500,6218334,6718000,6224250,7230291
313524224,97283416,6246542,6737333,6204500,7280208
314572800,97594250,6265750,6769750,6218959,7288000
315621376,97923541,6301209,6783500,6245875,7334125
316669952,98270875,6307916,6815125,6260875,7331792
317718528,99291500,6340125,6890750,6304667,7358416
318767104,98888292,6376083,6880584,6312625,7375917
319815680,99269958,6408875,6472333,6691750,7508375
320864256,99760584,6393125,6342750,6343083,7429375
321912832,99911084,6413875,6360458,6373584,7456958
322961408,100232167,6429500,6974958,6395417,7484583
324009984,100570958,6452625,6999458,6410375,7508250
325058560,100863042,6445583,7020958,6429750,7528708
326107136,101198375,6501292,7041458,6455792,7546083
327155712,101515167,6519917,7059208,6497083,7576459
328204288,103337208,6542833,6482167,6498459,7596459
329252864,102275500,6563417,7134083,6520000,7625084
330301440,102520167,6583250,7124500,6539542,7662958
331350016,102817833,6603208,7153000,6554958,7673125
332398592,103179542,6624459,7178666,6611959,7699708
333447168,103526833,6642417,7200583,6605917,7721333
334495744,103861250,6663167,6625916,6618834,7737459
335544320,104234875,6687333,6625416,6645292,7804500
336592896,104448917,6720875,6706292,6680875,7794250
337641472,104857334,6741042,6695125,6690041,7820750
338690048,105274875,6756375,6699333,6711459,7873834
339738624,105441625,6768834,6719750,6746833,7866416
340787200,105803625,6800250,6737250,6739292,7889208
341835776,106124792,6810375,6751000,6765458,7950541
342884352,106462125,6874917,6782500,6783917,7943750
343932928,106826250,6852459,6798667,6822292,7980208
344981504,107178541,6878458,6824333,6879584,8007708
346030080,107413375,6891333,6833875,6870166,8011584
347078656,107738291,6908250,6900166,6874334,8034916
348127232,108060750,6977125,6929416,6885209,8059625
349175808,108365291,6963500,6894625,6912250,8086958
350224384,108716459,6970375,6923875,6944000,8130208
351272960,109023250,7012834,6949208,6961875,8126000
352321536,109407833,7027542,6964958,6995458,8153666
353370112,109686625,7041625,6988916,6990167,8203583
354418688,109988958,7060417,7007167,7041625,8205042
355467264,110325667,7100333,7717792,7031250,8242833
356515840,110707417,7112208,7713542,7053959,8255709
357564416,111138208,7119042,7086458,7079333,8284166
358612992,111341916,7137375,7710875,7090583,8349708
359661568,111711833,7177709,7734333,7123375,8348125
360710144,112033916,7346208,7802834,7140458,8354458
361758720,112310791,7211125,7775334,7163041,8383709
362807296,112605583,7225625,7819875,7181917,8404541
363855872,112944833,7241667,7824458,7205250,8431291
364904448,113272500,7262458,7844875,7220042,8491708
365953024,113627834,7282791,7885250,7262250,8488458
367001600,114972625,7397583,7272375,7269500,8503375
368050176,114245625,7327875,7913750,7277458,8525042
369098752,114564667,7340250,7938917,7333750,8574250
370147328,115221958,7387958,7974958,7330750,8564542
371195904,115239125,7393000,7977667,7350208,8597541
372244480,115556792,7402250,8005083,7368334,8624208
373293056,115882625,7466708,8030917,7386958,8675125
374341632,116273125,7453375,8068375,7425125,8678959
375390208,116552208,7475250,8066083,7432750,8707167
376438784,116882583,7493500,8083500,7456416,8723834
377487360,117200417,7512250,8147583,7491125,8743375
378535936,117522417,7527083,8153167,7504167,8785791
379584512,117826125,7545792,8160083,7534292,8792709
380633088,118160250,7575583,8187958,7534333,8859917
381681664,118558709,7632541,8239000,7561000,8841250
382730240,118806917,7622084,8220291,7574584,8883917
383778816,119151625,7641750,8252084,7593375,8902416
384827392,119416250,7657125,8285000,7609875,8917166
385875968,119811792,7722917,8291416,7638209,8939375
386924544,120129750,7693334,8319166,7684125,8995584
387973120,120391083,7838500,8351917,7673167,8992792
389021696,120783458,7752958,8363333,7702625,9010917
390070272,121070583,7759959,8385875,7747209,9036792
391118848,121441875,7785208,8431458,7750125,9063834
392167424,121749791,7801458,8433625,7765833,9083167
393216000,122093166,7851417,8479709,7779500,9135625
394264576,122396250,7841583,8479417,7834875,9132250
395313152,122829500,7870375,8499792,7859208,9159250
396361728,123075667,7920500,8536709,7870417,9207542
397410304,123366958,7910084,8546291,7865000,9208375
398458880,123689584,7969000,8570916,7893458,9229375
399507456,126963417,8063791,8677208,8008708,9394750
400556032,124667167,8001750,7935500,7930458,9313875
401604608,124795000,7994292,7938083,7954125,9299750
402653184,124981166,8026959,8693333,8011500,9331583
403701760,125305250,8053375,8744167,7993000,9367958
404750336,126217917,8065375,8003750,8017250,9406250
405798912,125969750,8087709,8040500,8034459,9404416
406847488,126269791,8107542,8780792,8050750,9446459
407896064,126580375,8147125,8859834,8084833,9445625
408944640,126971000,8152916,8828833,8099792,9503333
409993216,127265041,8196625,8852334,8124125,9502250
411041792,127549666,8135875,8902959,8126125,9539000
412090368,127909792,8234500,8898250,8163625,9540542
413138944,128253208,8270958,8921542,8189625,9604792
414187520,129224291,8245542,8944000,8221541,9647584
415236096,128908042,8273416,8959792,8229708,9661875
416284672,129233542,8295375,9004792,8267625,9644833
417333248,129517000,8313958,9008875,8258833,9724375
418381824,129823583,8336084,9031834,8286000,9690750
419430400,130241583,8352708,9055750,8340125,9719250
420478976,130515500,8369625,9077167,8327583,9736417
421527552,130922750,8398417,9114459,8358417,9765375
422576128,131128625,8376750,9125125,8366041,9806000
423624704,136699125,8432125,8395375,8390666,9815500
424673280,131831750,8453084,8407125,8416167,9862833
425721856,132134666,8469875,8448167,8448333,9868292
426770432,132468958,8489958,8444917,8484791,9886833
427819008,132841333,8515084,8474000,8486167,9913916
428867584,133132834,8558166,9258250,8504334,9931208
429916160,133424208,8555458,9244750,8515000,10007125
430964736,133765208,8621333,9272750,8533666,9985333
432013312,134107792,8613958,9331541,8561250,10004208
433061888,135263583,9268834,8618875,8627375,10199209
434110464,134781041,8599375,8579041,8583708,10057542
435159040,135097459,8690750,8636750,8702125,10281458
436207616,135789000,8682584,8648792,8671666,10110125
437256192,135712417,8678958,8655333,8654625,10135542
438304768,136030333,8714916,8675917,8728083,10151667
439353344,136416917,8742333,8692084,8700334,10174416
440401920,136795542,8785041,8715875,8717250,10203792
441450496,137031875,8807375,8758708,8764458,10225875
442499072,137334958,8807167,8744750,8758959,10252458
443547648,137588125,8881125,8814166,8783959,10279916
444596224,138011458,8849041,8793042,8811208,10308542
445644800,138333167,8873416,8852458,8821209,10323292
446693376,138678334,8891917,8831125,8843292,10345750
447741952,138965750,8912083,8894750,8873250,10372333
448790528,139281625,8928542,8881250,8890709,10417042
449839104,139627208,8948833,8912500,8907292,10431625
450887680,140018000,8959375,8919833,8913250,10444125
451936256,140297667,9031208,8963042,8963750,10471667
452984832,140560000,9016458,8962083,8973416,10530625
454033408,140940583,9036625,8991167,8977792,10515583
455081984,141237750,9056833,8999917,9007958,10543500
456130560,141642125,9072417,9022292,9071417,10569458
457179136,141980083,9101125,9052209,9049792,10586333
458227712,142190333,9123417,9065125,9103666,10613000
459276288,142597000,9152875,9087375,9094750,10641542
460324864,142858625,9163958,9149625,9113625,10662125
461373440,143197917,9193166,9130417,9126167,10711708
462422016,143533500,9202334,9205125,9169583,10768416
463470592,143909375,9226917,9181791,9172000,10785250
464519168,144299292,9302250,9193959,9200041,10762667
465567744,144540250,9262083,10028083,9227459,10783708
466616320,144813167,9288875,10034917,9258792,10809333
467664896,145144500,9298791,10055375,9264250,10884334
468713472,145529666,9286125,10082417,9265792,10855750
469762048,145878833,9348000,10099166,9291417,10893958
470810624,146129458,9416292,10129083,9316917,10902042
471859200,146674041,9436958,9328458,9341833,10925333
472907776,146761667,9423542,10258167,9360166,10948750
473956352,147153500,9445208,10234000,9414625,10977625
475004928,147475750,9501875,10258709,9397041,11046292
476053504,147736875,9486375,10330583,9425583,11066958
477102080,148067833,9506916,10306292,9481041,11064917
478150656,148430167,9527334,10316875,9469250,11109042
479199232,148825958,9551208,10347292,9499000,11095708
480247808,149102875,9568083,10368791,9512625,11124625
481296384,149397083,9607208,10393875,9523459,11142416
482344960,149679250,9645083,10423917,9558666,11168083
483393536,150032542,9638833,10449333,9568250,11192708
484442112,150403708,9649625,10483375,9595583,11213667
485490688,150736417,9625250,10494208,9598125,11245667
486539264,151049833,9695666,10505292,9674250,11261541
487587840,151315333,9716167,10524000,9680292,11307500
488636416,151613334,9766125,10565375,9695125,11348917
489684992,152046333,9757916,10617000,9730584,11343000
490733568,152311667,9785833,10661166,9932417,11902834
491782144,152818042,9867417,10730166,10557625,11870250
492830720,153285875,9833916,9755709,9756625,11434292
493879296,153339000,9838792,10664625,9831042,11436000
494927872,153611125,9861291,10682458,9801000,11461250
495976448,153954959,9900834,10710666,9871792,11503833
497025024,154302958,9912750,10732958,9886500,11508250
498073600,154619750,9925625,10764708,9893000,11536708
499122176,154875625,9949458,10772167,9916667,11553125
500170752,155180042,9983750,10820125,9935917,11584333
501219328,155570833,10006500,10825125,9938500,11636250
502267904,155900125,10007167,10858125,9945416,11635584
503316480,156169292,10054375,10881000,9968458,11653792
504365056,156510250,10072709,10912000,9981167,11677708
505413632,156828250,10109958,10936500,10014792,11697709
506462208,157213542,10091708,10955375,10041750,11785708
507510784,157517333,10112333,10957125,10049375,11754292
508559360,157810042,10133708,10997541,10071500,11780417
509607936,158189209,10092500,11021709,10073875,11796583
510656512,158509166,10173584,11045459,10129916,11840959
511705088,159107458,10188916,10132792,10147458,11926166
512753664,159152834,10214542,11042417,10186458,11879708
513802240,159479000,10254417,11090583,10177084,11906000
514850816,159800000,10265167,11066459,10194541,11930042
515899392,160077584,10274416,11096834,10213958,11953833
516947968,162035541,10428250,10604208,10258250,12019792
517996544,160825625,10323750,11210083,10287666,12022042
519045120,161195459,10352500,11209208,10275458,12054959
520093696,161464250,10362917,11233541,10314834,12041959
521142272,161747042,10383208,11293458,10317792,12105417
522190848,162158167,10434666,11275500,10343708,12085792
523239424,162430875,10428458,11301000,10367708,12111292
524288000,162781834,10447834,11320083,10389750,12167708
525336576,162995208,10466417,11344459,10458459,12163791
526385152,163372417,10498000,11381542,10434000,12197458
527433728,163710792,10524375,11385875,10455708,12217208
528482304,164052833,10528041,11414792,10473167,12235708
529530880,164380583,10551625,11431958,10498292,12273042
530579456,164656917,10675000,11477625,10536084,12287958
531628032,164993041,10586875,11480209,10536916,12313125
532676608,165353167,10610583,11498042,10551333,12336334
533725184,165617708,10628375,11531708,10564917,12357209
534773760,165998750,10655750,11554417,10622042,12381833
535822336,166283333,10676750,11611958,10605708,12441000
